[{"pk": 1, "model": "contenttypes.contenttype", "fields": {"model": "permission", "name": "permission", "app_label": "auth"}}, {"pk": 2, "model": "contenttypes.contenttype", "fields": {"model": "group", "name": "group", "app_label": "auth"}}, {"pk": 3, "model": "contenttypes.contenttype", "fields": {"model": "user", "name": "user", "app_label": "auth"}}, {"pk": 4, "model": "contenttypes.contenttype", "fields": {"model": "contenttype", "name": "content type", "app_label": "contenttypes"}}, {"pk": 5, "model": "contenttypes.contenttype", "fields": {"model": "session", "name": "session", "app_label": "sessions"}}, {"pk": 6, "model": "contenttypes.contenttype", "fields": {"model": "site", "name": "site", "app_label": "sites"}}, {"pk": 7, "model": "contenttypes.contenttype", "fields": {"model": "logentry", "name": "log entry", "app_label": "admin"}}, {"pk": 8, "model": "contenttypes.contenttype", "fields": {"model": "future", "name": "future", "app_label": "marketdata"}}, {"pk": 9, "model": "contenttypes.contenttype", "fields": {"model": "optiondefinition", "name": "option definition", "app_label": "marketdata"}}, {"pk": 10, "model": "contenttypes.contenttype", "fields": {"model": "optioncontract", "name": "option contract", "app_label": "marketdata"}}, {"pk": 11, "model": "contenttypes.contenttype", "fields": {"model": "publishoptioncontract", "name": "publish option contract", "app_label": "marketdata"}}, {"pk": "rz9mqr9wpa4udx6euevh1gs3ctgf84ty", "model": "sessions.session", "fields": {"expire_date": "2013-12-19T09:27:26.584", "session_data": "ZjM1MDQ1NTMwODllODAwMTRkNmQ3MTk5ZTAwY2RlZDI3MjcyZGY1NDp7Il9hdXRoX3VzZXJfYmFja2VuZCI6ImRqYW5nby5jb250cmliLmF1dGguYmFja2VuZHMuTW9kZWxCYWNrZW5kIiwiX2F1dGhfdXNlcl9pZCI6MX0="}}, {"pk": 1, "model": "sites.site", "fields": {"domain": "example.com", "name": "example.com"}}, {"pk": 1, "model": "marketdata.future", "fields": {"bid_volume": 23.0, "month_tag": "MAR14", "last_updated": "2013-12-18T19:52:30", "name": "BUNDMAR14", "bid": 140.28, "ask_volume": 23.0, "last_trade_value": 140.28, "expiry_date": "2014-03-21T00:00:00", "value": 140.285, "ask": 140.29, "easyscreen_id": "EBF:FGBL Mar 14", "last_trade_volume": 4.0, "bloomberg_id": "BLOOMBERG_BUNDMAR14"}}, {"pk": 3, "model": "marketdata.future", "fields": {"bid_volume": 75.0, "month_tag": "MAR14", "last_updated": "2013-12-18T19:53:15", "name": "BOBLMAR14", "bid": 124.99, "ask_volume": 94.0, "last_trade_value": 124.99, "expiry_date": "2014-06-21T00:00:00", "value": 124.995, "ask": 125.0, "easyscreen_id": "EBF:FGBM Mar 14", "last_trade_volume": 1.0, "bloomberg_id": "BLOOMBERG_BOBLMAR14"}}, {"pk": 1, "model": "marketdata.optiondefinition", "fields": {"month_tag": "JAN14", "price_movement": 0.01, "name": "BUND_OPT_JAN", "number_of_OTM_options": 10, "bloomberg_prefix": "BLOOM_BUND_OPT_JAN", "easyscreen_prefix": "EBO:OGBL Jan 14", "expiry_date": "2014-01-21T00:00:00", "future": 1, "strike_interval": 0.5}}, {"pk": 3, "model": "marketdata.optiondefinition", "fields": {"month_tag": "MAR14", "price_movement": 0.01, "name": "BUND_OPT_MAR", "number_of_OTM_options": 10, "bloomberg_prefix": "BLOOM_BUND_OPT_MAR", "easyscreen_prefix": "EBO:OGBL Mar 14", "expiry_date": "2014-03-21T00:00:00", "future": 1, "strike_interval": 0.5}}, {"pk": 5, "model": "marketdata.optiondefinition", "fields": {"month_tag": "JAN14", "price_movement": 0.01, "name": "BOBL_OPT_JAN", "number_of_OTM_options": 10, "bloomberg_prefix": "BLOOM_BOBL_OPT_JAN", "easyscreen_prefix": "EBO:OGBM Jan 14", "expiry_date": "2014-01-21T00:00:00", "future": 3, "strike_interval": 0.5}}, {"pk": 6, "model": "marketdata.optiondefinition", "fields": {"month_tag": "FEB14", "price_movement": 0.01, "name": "BOBL_OPT_FEB", "number_of_OTM_options": 10, "bloomberg_prefix": "BLOOM_BOBL_OPT_FEB", "easyscreen_prefix": "EBO:OGBM Feb 14", "expiry_date": "2014-02-21T00:00:00", "future": 3, "strike_interval": 0.5}}, {"pk": 7, "model": "marketdata.optiondefinition", "fields": {"month_tag": "MAR14", "price_movement": 0.01, "name": "BOBL_OPT_MAR", "number_of_OTM_options": 10, "bloomberg_prefix": "BLOOM_BOBL_OPT_MAR", "easyscreen_prefix": "EBO:OGBM Mar 14", "expiry_date": "2014-03-21T00:00:00", "future": 3, "strike_interval": 0.5}}, {"pk": 8, "model": "marketdata.optiondefinition", "fields": {"month_tag": "FEB14", "price_movement": 0.01, "name": "BUND_OPT_FEB14", "number_of_OTM_options": 10, "bloomberg_prefix": "BLOOM_BUND_OPT_FEB14", "easyscreen_prefix": "EBO:OGBL Feb 14", "expiry_date": "2014-01-31T00:00:00", "future": 1, "strike_interval": 0.5}}, {"pk": 14, "model": "marketdata.optioncontract", "fields": {"bid_volume": 1.0, "last_updated": "2013-12-18T19:53:43", "last_trade_value": 0.03, "vol": -99.0, "bid": 0.02, "delta": -99.0, "ask_volume": 1.0, "time_to_expiry": -99.0, "ask": 0.03, "expiry_date": "2014-01-21T00:00:00", "easy_screen_mnemonic": "EBO:OGBL Jan 14 13850p 0", "value": 0.025, "bloomberg_name": "BLOOM_BUND_OPT_JAN 13850p 0", "strike": 138.5, "optiondefinition": 1, "last_trade_volume": 1.0}}, {"pk": 19, "model": "marketdata.optioncontract", "fields": {"bid_volume": 1.0, "last_updated": "2013-12-18T19:20:42", "last_trade_value": 0.12, "vol": -99.0, "bid": 0.11, "delta": -99.0, "ask_volume": 1.0, "time_to_expiry": -99.0, "ask": 0.12, "expiry_date": "2014-01-21T00:00:00", "easy_screen_mnemonic": "EBO:OGBL Jan 14 14100c 0", "value": 0.11499999999999999, "bloomberg_name": "BLOOM_BUND_OPT_JAN 14100c 0", "strike": 141.0, "optiondefinition": 1, "last_trade_volume": 3.0}}, {"pk": 20, "model": "marketdata.optioncontract", "fields": {"bid_volume": 1.0, "last_updated": "2013-12-18T19:20:42", "last_trade_value": 0.05, "vol": -99.0, "bid": 0.04, "delta": -99.0, "ask_volume": 1.0, "time_to_expiry": -99.0, "ask": 0.06, "expiry_date": "2014-01-21T00:00:00", "easy_screen_mnemonic": "EBO:OGBL Jan 14 14150c 0", "value": 0.05, "bloomberg_name": "BLOOM_BUND_OPT_JAN 14150c 0", "strike": 141.5, "optiondefinition": 1, "last_trade_volume": 15.0}}, {"pk": 36, "model": "marketdata.optioncontract", "fields": {"bid_volume": 1.0, "last_updated": "2013-12-18T19:20:42", "last_trade_value": 0.0, "vol": -99.0, "bid": 0.56, "delta": -99.0, "ask_volume": 1.0, "time_to_expiry": -99.0, "ask": 0.66, "expiry_date": "2014-03-21T00:00:00", "easy_screen_mnemonic": "EBO:OGBL Mar 14 13850p 0", "value": 0.6100000000000001, "bloomberg_name": "BLOOM_BUND_OPT_MAR 13850p 0", "strike": 138.5, "optiondefinition": 3, "last_trade_volume": 0.0}}, {"pk": 41, "model": "marketdata.optioncontract", "fields": {"bid_volume": 1.0, "last_updated": "2013-12-18T19:20:42", "last_trade_value": 0.9, "vol": -99.0, "bid": 0.77, "delta": -99.0, "ask_volume": 1.0, "time_to_expiry": -99.0, "ask": 0.86, "expiry_date": "2014-03-21T00:00:00", "easy_screen_mnemonic": "EBO:OGBL Mar 14 14100c 0", "value": 0.815, "bloomberg_name": "BLOOM_BUND_OPT_MAR 14100c 0", "strike": 141.0, "optiondefinition": 3, "last_trade_volume": 4.0}}, {"pk": 42, "model": "marketdata.optioncontract", "fields": {"bid_volume": 1.0, "last_updated": "2013-12-18T19:20:42", "last_trade_value": 0.61, "vol": -99.0, "bid": 0.56, "delta": -99.0, "ask_volume": 1.0, "time_to_expiry": -99.0, "ask": 0.67, "expiry_date": "2014-03-21T00:00:00", "easy_screen_mnemonic": "EBO:OGBL Mar 14 14150c 0", "value": 0.615, "bloomberg_name": "BLOOM_BUND_OPT_MAR 14150c 0", "strike": 141.5, "optiondefinition": 3, "last_trade_volume": 1.0}}, {"pk": 46, "model": "marketdata.optioncontract", "fields": {"bid_volume": -99.0, "last_updated": "1900-01-01T00:00:00", "last_trade_value": -99.0, "vol": -99.0, "bid": -99.0, "delta": -99.0, "ask_volume": -99.0, "time_to_expiry": -99.0, "ask": -99.0, "expiry_date": "2014-01-21T00:00:00", "easy_screen_mnemonic": "EBO:OGBM Jan 14 12300p 0", "value": -99.0, "bloomberg_name": "BLOOM_BOBL_OPT_JAN 12300p 0", "strike": 123.0, "optiondefinition": 5, "last_trade_volume": -99.0}}, {"pk": 47, "model": "marketdata.optioncontract", "fields": {"bid_volume": -99.0, "last_updated": "1900-01-01T00:00:00", "last_trade_value": -99.0, "vol": -99.0, "bid": -99.0, "delta": -99.0, "ask_volume": -99.0, "time_to_expiry": -99.0, "ask": -99.0, "expiry_date": "2014-01-21T00:00:00", "easy_screen_mnemonic": "EBO:OGBM Jan 14 12350p 0", "value": -99.0, "bloomberg_name": "BLOOM_BOBL_OPT_JAN 12350p 0", "strike": 123.5, "optiondefinition": 5, "last_trade_volume": -99.0}}, {"pk": 51, "model": "marketdata.optioncontract", "fields": {"bid_volume": 1.0, "last_updated": "2013-12-18T19:20:42", "last_trade_value": 0.02, "vol": -99.0, "bid": 0.02, "delta": -99.0, "ask_volume": 1.0, "time_to_expiry": -99.0, "ask": 0.025, "expiry_date": "2014-01-21T00:00:00", "easy_screen_mnemonic": "EBO:OGBM Jan 14 12550c 0", "value": 0.0225, "bloomberg_name": "BLOOM_BOBL_OPT_JAN 12550c 0", "strike": 125.5, "optiondefinition": 5, "last_trade_volume": 150.0}}, {"pk": 52, "model": "marketdata.optioncontract", "fields": {"bid_volume": 295.0, "last_updated": "2013-12-10T17:48:07", "last_trade_value": 0.0, "vol": -99.0, "bid": 0.005, "delta": -99.0, "ask_volume": 696.0, "time_to_expiry": -99.0, "ask": 0.015, "expiry_date": "2014-01-21T00:00:00", "easy_screen_mnemonic": "EBO:OGBM Jan 14 12600c 0", "value": 0.01, "bloomberg_name": "BLOOM_BOBL_OPT_JAN 12600c 0", "strike": 126.0, "optiondefinition": 5, "last_trade_volume": 0.0}}, {"pk": 53, "model": "marketdata.optioncontract", "fields": {"bid_volume": 742.0, "last_updated": "2013-12-05T09:13:09", "last_trade_value": 0.0, "vol": -99.0, "bid": 0.015, "delta": -99.0, "ask_volume": 1543.0, "time_to_expiry": -99.0, "ask": 0.025, "expiry_date": "2014-01-21T00:00:00", "easy_screen_mnemonic": "EBO:OGBM Jan 14 12650c 0", "value": 0.02, "bloomberg_name": "BLOOM_BOBL_OPT_JAN 12650c 0", "strike": 126.5, "optiondefinition": 5, "last_trade_volume": 0.0}}, {"pk": 57, "model": "marketdata.optioncontract", "fields": {"bid_volume": 1.0, "last_updated": "2013-12-18T19:20:42", "last_trade_value": 0.0, "vol": -99.0, "bid": 0.02, "delta": -99.0, "ask_volume": 1.0, "time_to_expiry": -99.0, "ask": 0.055, "expiry_date": "2014-02-21T00:00:00", "easy_screen_mnemonic": "EBO:OGBM Feb 14 12300p 0", "value": 0.0375, "bloomberg_name": "BLOOM_BOBL_OPT_FEB 12300p 0", "strike": 123.0, "optiondefinition": 6, "last_trade_volume": 0.0}}, {"pk": 58, "model": "marketdata.optioncontract", "fields": {"bid_volume": 1.0, "last_updated": "2013-12-18T19:20:42", "last_trade_value": 0.0, "vol": -99.0, "bid": 0.06, "delta": -99.0, "ask_volume": 1.0, "time_to_expiry": -99.0, "ask": 0.1, "expiry_date": "2014-02-21T00:00:00", "easy_screen_mnemonic": "EBO:OGBM Feb 14 12350p 0", "value": 0.08, "bloomberg_name": "BLOOM_BOBL_OPT_FEB 12350p 0", "strike": 123.5, "optiondefinition": 6, "last_trade_volume": 0.0}}, {"pk": 62, "model": "marketdata.optioncontract", "fields": {"bid_volume": 1.0, "last_updated": "2013-12-18T19:20:42", "last_trade_value": 0.185, "vol": -99.0, "bid": 0.12, "delta": -99.0, "ask_volume": 1.0, "time_to_expiry": -99.0, "ask": 0.155, "expiry_date": "2014-02-21T00:00:00", "easy_screen_mnemonic": "EBO:OGBM Feb 14 12550c 0", "value": 0.1375, "bloomberg_name": "BLOOM_BOBL_OPT_FEB 12550c 0", "strike": 125.5, "optiondefinition": 6, "last_trade_volume": 44.0}}, {"pk": 63, "model": "marketdata.optioncontract", "fields": {"bid_volume": 1.0, "last_updated": "2013-12-18T19:20:42", "last_trade_value": 0.0, "vol": -99.0, "bid": 0.025, "delta": -99.0, "ask_volume": 1.0, "time_to_expiry": -99.0, "ask": 0.055, "expiry_date": "2014-02-21T00:00:00", "easy_screen_mnemonic": "EBO:OGBM Feb 14 12600c 0", "value": 0.04, "bloomberg_name": "BLOOM_BOBL_OPT_FEB 12600c 0", "strike": 126.0, "optiondefinition": 6, "last_trade_volume": 0.0}}, {"pk": 64, "model": "marketdata.optioncontract", "fields": {"bid_volume": 1076.0, "last_updated": "2013-12-18T11:19:56", "last_trade_value": 0.0, "vol": -99.0, "bid": 0.01, "delta": -99.0, "ask_volume": 493.0, "time_to_expiry": -99.0, "ask": 0.025, "expiry_date": "2014-02-21T00:00:00", "easy_screen_mnemonic": "EBO:OGBM Feb 14 12650c 0", "value": 0.0175, "bloomberg_name": "BLOOM_BOBL_OPT_FEB 12650c 0", "strike": 126.5, "optiondefinition": 6, "last_trade_volume": 0.0}}, {"pk": 68, "model": "marketdata.optioncontract", "fields": {"bid_volume": 1.0, "last_updated": "2013-12-18T19:20:42", "last_trade_value": 0.0, "vol": -99.0, "bid": 0.08, "delta": -99.0, "ask_volume": 1.0, "time_to_expiry": -99.0, "ask": 0.165, "expiry_date": "2014-03-21T00:00:00", "easy_screen_mnemonic": "EBO:OGBM Mar 14 12300p 0", "value": 0.1225, "bloomberg_name": "BLOOM_BOBL_OPT_MAR 12300p 0", "strike": 123.0, "optiondefinition": 7, "last_trade_volume": 0.0}}, {"pk": 69, "model": "marketdata.optioncontract", "fields": {"bid_volume": 1.0, "last_updated": "2013-12-18T19:20:42", "last_trade_value": 0.0, "vol": -99.0, "bid": 0.15, "delta": -99.0, "ask_volume": 1.0, "time_to_expiry": -99.0, "ask": 0.235, "expiry_date": "2014-03-21T00:00:00", "easy_screen_mnemonic": "EBO:OGBM Mar 14 12350p 0", "value": 0.1925, "bloomberg_name": "BLOOM_BOBL_OPT_MAR 12350p 0", "strike": 123.5, "optiondefinition": 7, "last_trade_volume": 0.0}}, {"pk": 73, "model": "marketdata.optioncontract", "fields": {"bid_volume": 1.0, "last_updated": "2013-12-18T19:20:42", "last_trade_value": 0.0, "vol": -99.0, "bid": 0.23, "delta": -99.0, "ask_volume": 1.0, "time_to_expiry": -99.0, "ask": 0.33, "expiry_date": "2014-03-21T00:00:00", "easy_screen_mnemonic": "EBO:OGBM Mar 14 12550c 0", "value": 0.28, "bloomberg_name": "BLOOM_BOBL_OPT_MAR 12550c 0", "strike": 125.5, "optiondefinition": 7, "last_trade_volume": 0.0}}, {"pk": 74, "model": "marketdata.optioncontract", "fields": {"bid_volume": 1.0, "last_updated": "2013-12-18T19:20:42", "last_trade_value": 0.0, "vol": -99.0, "bid": 0.1, "delta": -99.0, "ask_volume": 1.0, "time_to_expiry": -99.0, "ask": 0.185, "expiry_date": "2014-03-21T00:00:00", "easy_screen_mnemonic": "EBO:OGBM Mar 14 12600c 0", "value": 0.14250000000000002, "bloomberg_name": "BLOOM_BOBL_OPT_MAR 12600c 0", "strike": 126.0, "optiondefinition": 7, "last_trade_volume": 0.0}}, {"pk": 75, "model": "marketdata.optioncontract", "fields": {"bid_volume": 1.0, "last_updated": "2013-12-18T19:20:42", "last_trade_value": 0.0, "vol": -99.0, "bid": 0.025, "delta": -99.0, "ask_volume": 1.0, "time_to_expiry": -99.0, "ask": 0.1, "expiry_date": "2014-03-21T00:00:00", "easy_screen_mnemonic": "EBO:OGBM Mar 14 12650c 0", "value": 0.0625, "bloomberg_name": "BLOOM_BOBL_OPT_MAR 12650c 0", "strike": 126.5, "optiondefinition": 7, "last_trade_volume": 0.0}}, {"pk": 134, "model": "marketdata.optioncontract", "fields": {"bid_volume": -99.0, "last_updated": "1900-01-01T00:00:00", "last_trade_value": -99.0, "vol": -99.0, "bid": -99.0, "delta": -99.0, "ask_volume": -99.0, "time_to_expiry": -99.0, "ask": -99.0, "expiry_date": "2014-01-31T00:00:00", "easy_screen_mnemonic": "EBO:OGBL Feb 14 13850p 0", "value": -99.0, "bloomberg_name": "BLOOM_BUND_OPT_FEB14 13850p 0", "strike": 138.5, "optiondefinition": 8, "last_trade_volume": -99.0}}, {"pk": 143, "model": "marketdata.optioncontract", "fields": {"bid_volume": -99.0, "last_updated": "1900-01-01T00:00:00", "last_trade_value": -99.0, "vol": -99.0, "bid": -99.0, "delta": -99.0, "ask_volume": -99.0, "time_to_expiry": -99.0, "ask": -99.0, "expiry_date": "2014-01-31T00:00:00", "easy_screen_mnemonic": "EBO:OGBL Feb 14 13850p 0", "value": -99.0, "bloomberg_name": "BLOOM_BUND_OPT_FEB14 13850p 0", "strike": 138.5, "optiondefinition": 8, "last_trade_volume": -99.0}}, {"pk": 144, "model": "marketdata.optioncontract", "fields": {"bid_volume": -99.0, "last_updated": "1900-01-01T00:00:00", "last_trade_value": -99.0, "vol": -99.0, "bid": -99.0, "delta": -99.0, "ask_volume": -99.0, "time_to_expiry": -99.0, "ask": -99.0, "expiry_date": "2014-01-31T00:00:00", "easy_screen_mnemonic": "EBO:OGBL Feb 14 14100c 0", "value": -99.0, "bloomberg_name": "BLOOM_BUND_OPT_FEB14 14100c 0", "strike": 141.0, "optiondefinition": 8, "last_trade_volume": -99.0}}, {"pk": 149, "model": "marketdata.optioncontract", "fields": {"bid_volume": -99.0, "last_updated": "1900-01-01T00:00:00", "last_trade_value": -99.0, "vol": -99.0, "bid": -99.0, "delta": -99.0, "ask_volume": -99.0, "time_to_expiry": -99.0, "ask": -99.0, "expiry_date": "2014-01-31T00:00:00", "easy_screen_mnemonic": "EBO:OGBL Feb 14 14100c 0", "value": -99.0, "bloomberg_name": "BLOOM_BUND_OPT_FEB14 14100c 0", "strike": 141.0, "optiondefinition": 8, "last_trade_volume": -99.0}}, {"pk": 150, "model": "marketdata.optioncontract", "fields": {"bid_volume": -99.0, "last_updated": "1900-01-01T00:00:00", "last_trade_value": -99.0, "vol": -99.0, "bid": -99.0, "delta": -99.0, "ask_volume": -99.0, "time_to_expiry": -99.0, "ask": -99.0, "expiry_date": "2014-01-31T00:00:00", "easy_screen_mnemonic": "EBO:OGBL Feb 14 14150c 0", "value": -99.0, "bloomberg_name": "BLOOM_BUND_OPT_FEB14 14150c 0", "strike": 141.5, "optiondefinition": 8, "last_trade_volume": -99.0}}, {"pk": 151, "model": "marketdata.optioncontract", "fields": {"bid_volume": -99.0, "last_updated": "1900-01-01T00:00:00", "last_trade_value": -99.0, "vol": -99.0, "bid": -99.0, "delta": -99.0, "ask_volume": -99.0, "time_to_expiry": -99.0, "ask": -99.0, "expiry_date": "2014-01-31T00:00:00", "easy_screen_mnemonic": "EBO:OGBL Feb 14 14150c 0", "value": -99.0, "bloomberg_name": "BLOOM_BUND_OPT_FEB14 14150c 0", "strike": 141.5, "optiondefinition": 8, "last_trade_volume": -99.0}}, {"pk": 152, "model": "marketdata.optioncontract", "fields": {"bid_volume": 1.0, "last_updated": "2013-12-18T19:20:42", "last_trade_value": 0.02, "vol": -99.0, "bid": 0.01, "delta": -99.0, "ask_volume": 1.0, "time_to_expiry": -99.0, "ask": 0.03, "expiry_date": "2014-01-21T00:00:00", "easy_screen_mnemonic": "EBO:OGBL Jan 14 14200c 0", "value": 0.02, "bloomberg_name": "BLOOM_BUND_OPT_JAN 14200c 0", "strike": 142.0, "optiondefinition": 1, "last_trade_volume": 1.0}}, {"pk": 153, "model": "marketdata.optioncontract", "fields": {"bid_volume": -99.0, "last_updated": "1900-01-01T00:00:00", "last_trade_value": -99.0, "vol": -99.0, "bid": -99.0, "delta": -99.0, "ask_volume": -99.0, "time_to_expiry": -99.0, "ask": -99.0, "expiry_date": "2014-01-21T00:00:00", "easy_screen_mnemonic": "EBO:OGBM Jan 14 12700c 0", "value": -99.0, "bloomberg_name": "BLOOM_BOBL_OPT_JAN 12700c 0", "strike": 127.0, "optiondefinition": 5, "last_trade_volume": -99.0}}, {"pk": 154, "model": "marketdata.optioncontract", "fields": {"bid_volume": -99.0, "last_updated": "1900-01-01T00:00:00", "last_trade_value": -99.0, "vol": -99.0, "bid": -99.0, "delta": -99.0, "ask_volume": -99.0, "time_to_expiry": -99.0, "ask": -99.0, "expiry_date": "2014-02-21T00:00:00", "easy_screen_mnemonic": "EBO:OGBM Feb 14 12700c 0", "value": -99.0, "bloomberg_name": "BLOOM_BOBL_OPT_FEB 12700c 0", "strike": 127.0, "optiondefinition": 6, "last_trade_volume": -99.0}}, {"pk": 155, "model": "marketdata.optioncontract", "fields": {"bid_volume": -99.0, "last_updated": "1900-01-01T00:00:00", "last_trade_value": -99.0, "vol": -99.0, "bid": -99.0, "delta": -99.0, "ask_volume": -99.0, "time_to_expiry": -99.0, "ask": -99.0, "expiry_date": "2014-02-21T00:00:00", "easy_screen_mnemonic": "EBO:OGBM Feb 14 12700c 0", "value": -99.0, "bloomberg_name": "BLOOM_BOBL_OPT_FEB 12700c 0", "strike": 127.0, "optiondefinition": 6, "last_trade_volume": -99.0}}, {"pk": 156, "model": "marketdata.optioncontract", "fields": {"bid_volume": 1.0, "last_updated": "2013-12-18T19:20:42", "last_trade_value": 0.53, "vol": -99.0, "bid": 0.41, "delta": -99.0, "ask_volume": 1.0, "time_to_expiry": -99.0, "ask": 0.51, "expiry_date": "2014-03-21T00:00:00", "easy_screen_mnemonic": "EBO:OGBL Mar 14 14200c 0", "value": 0.45999999999999996, "bloomberg_name": "BLOOM_BUND_OPT_MAR 14200c 0", "strike": 142.0, "optiondefinition": 3, "last_trade_volume": 1.0}}, {"pk": 157, "model": "marketdata.optioncontract", "fields": {"bid_volume": 50.0, "last_updated": "2013-12-18T11:19:55", "last_trade_value": 0.0, "vol": -99.0, "bid": 0.02, "delta": -99.0, "ask_volume": 300.0, "time_to_expiry": -99.0, "ask": 0.055, "expiry_date": "2014-03-21T00:00:00", "easy_screen_mnemonic": "EBO:OGBM Mar 14 12700c 0", "value": 0.0375, "bloomberg_name": "BLOOM_BOBL_OPT_MAR 12700c 0", "strike": 127.0, "optiondefinition": 7, "last_trade_volume": 0.0}}, {"pk": 158, "model": "marketdata.optioncontract", "fields": {"bid_volume": 1.0, "last_updated": "2013-12-18T19:20:42", "last_trade_value": 0.2, "vol": -99.0, "bid": 0.17, "delta": -99.0, "ask_volume": 1.0, "time_to_expiry": -99.0, "ask": 0.23, "expiry_date": "2014-01-31T00:00:00", "easy_screen_mnemonic": "EBO:OGBL Feb 14 14200c 0", "value": 0.2, "bloomberg_name": "BLOOM_BUND_OPT_FEB14 14200c 0", "strike": 142.0, "optiondefinition": 8, "last_trade_volume": 20.0}}, {"pk": 171, "model": "marketdata.optioncontract", "fields": {"bid_volume": 1.0, "last_updated": "2013-12-18T19:55:27", "last_trade_value": 0.07, "vol": -99.0, "bid": 0.06, "delta": -99.0, "ask_volume": 1.0, "time_to_expiry": -99.0, "ask": 0.08, "expiry_date": "2014-01-21T00:00:00", "easy_screen_mnemonic": "EBO:OGBL Jan 14 13900p 0", "value": 0.07, "bloomberg_name": "BLOOM_BUND_OPT_JAN 13900p 0", "strike": 139.0, "optiondefinition": 1, "last_trade_volume": 9.0}}, {"pk": 172, "model": "marketdata.optioncontract", "fields": {"bid_volume": 24.0, "last_updated": "2013-12-18T12:12:19", "last_trade_value": 0.01, "vol": -99.0, "bid": 0.01, "delta": -99.0, "ask_volume": 1097.0, "time_to_expiry": -99.0, "ask": 0.02, "expiry_date": "2014-01-21T00:00:00", "easy_screen_mnemonic": "EBO:OGBL Jan 14 14250c 0", "value": 0.015, "bloomberg_name": "BLOOM_BUND_OPT_JAN 14250c 0", "strike": 142.5, "optiondefinition": 1, "last_trade_volume": 258.0}}, {"pk": 173, "model": "marketdata.optioncontract", "fields": {"bid_volume": 1.0, "last_updated": "2013-12-18T19:55:40", "last_trade_value": 0.17, "vol": -99.0, "bid": 0.16, "delta": -99.0, "ask_volume": 1.0, "time_to_expiry": -99.0, "ask": 0.19, "expiry_date": "2014-01-21T00:00:00", "easy_screen_mnemonic": "EBO:OGBL Jan 14 13950p 0", "value": 0.175, "bloomberg_name": "BLOOM_BUND_OPT_JAN 13950p 0", "strike": 139.5, "optiondefinition": 1, "last_trade_volume": 1.0}}, {"pk": 174, "model": "marketdata.optioncontract", "fields": {"bid_volume": 1.0, "last_updated": "2013-12-18T19:20:42", "last_trade_value": 0.35, "vol": -99.0, "bid": 0.31, "delta": -99.0, "ask_volume": 1.0, "time_to_expiry": -99.0, "ask": 0.36, "expiry_date": "2014-01-21T00:00:00", "easy_screen_mnemonic": "EBO:OGBL Jan 14 14000p 0", "value": 0.33499999999999996, "bloomberg_name": "BLOOM_BUND_OPT_JAN 14000p 0", "strike": 140.0, "optiondefinition": 1, "last_trade_volume": 100.0}}, {"pk": 179, "model": "marketdata.optioncontract", "fields": {"bid_volume": 1.0, "last_updated": "2013-12-18T19:20:42", "last_trade_value": 0.68, "vol": -99.0, "bid": 0.7, "delta": -99.0, "ask_volume": 1.0, "time_to_expiry": -99.0, "ask": 0.81, "expiry_date": "2014-03-21T00:00:00", "easy_screen_mnemonic": "EBO:OGBL Mar 14 13900p 0", "value": 0.755, "bloomberg_name": "BLOOM_BUND_OPT_MAR 13900p 0", "strike": 139.0, "optiondefinition": 3, "last_trade_volume": 10.0}}, {"pk": 180, "model": "marketdata.optioncontract", "fields": {"bid_volume": 1.0, "last_updated": "2013-12-18T19:20:42", "last_trade_value": 0.0, "vol": -99.0, "bid": 0.87, "delta": -99.0, "ask_volume": 1.0, "time_to_expiry": -99.0, "ask": 0.99, "expiry_date": "2014-03-21T00:00:00", "easy_screen_mnemonic": "EBO:OGBL Mar 14 13950p 0", "value": 0.9299999999999999, "bloomberg_name": "BLOOM_BUND_OPT_MAR 13950p 0", "strike": 139.5, "optiondefinition": 3, "last_trade_volume": 0.0}}, {"pk": 181, "model": "marketdata.optioncontract", "fields": {"bid_volume": 1.0, "last_updated": "2013-12-18T19:20:42", "last_trade_value": 1.07, "vol": -99.0, "bid": 1.08, "delta": -99.0, "ask_volume": 1.0, "time_to_expiry": -99.0, "ask": 1.2, "expiry_date": "2014-03-21T00:00:00", "easy_screen_mnemonic": "EBO:OGBL Mar 14 14000p 0", "value": 1.1400000000000001, "bloomberg_name": "BLOOM_BUND_OPT_MAR 14000p 0", "strike": 140.0, "optiondefinition": 3, "last_trade_volume": 119.0}}, {"pk": 183, "model": "marketdata.optioncontract", "fields": {"bid_volume": 1.0, "last_updated": "2013-12-18T19:20:42", "last_trade_value": 0.37, "vol": -99.0, "bid": 0.29, "delta": -99.0, "ask_volume": 1.0, "time_to_expiry": -99.0, "ask": 0.39, "expiry_date": "2014-03-21T00:00:00", "easy_screen_mnemonic": "EBO:OGBL Mar 14 14250c 0", "value": 0.33999999999999997, "bloomberg_name": "BLOOM_BUND_OPT_MAR 14250c 0", "strike": 142.5, "optiondefinition": 3, "last_trade_volume": 1.0}}, {"pk": 187, "model": "marketdata.optioncontract", "fields": {"bid_volume": 1.0, "last_updated": "2013-12-18T19:20:43", "last_trade_value": 0.45, "vol": -99.0, "bid": 0.4, "delta": -99.0, "ask_volume": 1.0, "time_to_expiry": -99.0, "ask": 0.47, "expiry_date": "2014-01-31T00:00:00", "easy_screen_mnemonic": "EBO:OGBL Feb 14 13900p 0", "value": 0.435, "bloomberg_name": "BLOOM_BUND_OPT_FEB14 13900p 0", "strike": 139.0, "optiondefinition": 8, "last_trade_volume": 95.0}}, {"pk": 188, "model": "marketdata.optioncontract", "fields": {"bid_volume": 1.0, "last_updated": "2013-12-18T19:20:43", "last_trade_value": 0.59, "vol": -99.0, "bid": 0.55, "delta": -99.0, "ask_volume": 1.0, "time_to_expiry": -99.0, "ask": 0.63, "expiry_date": "2014-01-31T00:00:00", "easy_screen_mnemonic": "EBO:OGBL Feb 14 13950p 0", "value": 0.5900000000000001, "bloomberg_name": "BLOOM_BUND_OPT_FEB14 13950p 0", "strike": 139.5, "optiondefinition": 8, "last_trade_volume": 100.0}}, {"pk": 189, "model": "marketdata.optioncontract", "fields": {"bid_volume": 1.0, "last_updated": "2013-12-18T19:20:43", "last_trade_value": 0.8, "vol": -99.0, "bid": 0.74, "delta": -99.0, "ask_volume": 1.0, "time_to_expiry": -99.0, "ask": 0.82, "expiry_date": "2014-01-31T00:00:00", "easy_screen_mnemonic": "EBO:OGBL Feb 14 14000p 0", "value": 0.78, "bloomberg_name": "BLOOM_BUND_OPT_FEB14 14000p 0", "strike": 140.0, "optiondefinition": 8, "last_trade_volume": 1.0}}, {"pk": 191, "model": "marketdata.optioncontract", "fields": {"bid_volume": 100.0, "last_updated": "2013-12-18T11:20:00", "last_trade_value": 0.15, "vol": -99.0, "bid": 0.14, "delta": -99.0, "ask_volume": 727.0, "time_to_expiry": -99.0, "ask": 0.16, "expiry_date": "2014-01-31T00:00:00", "easy_screen_mnemonic": "EBO:OGBL Feb 14 14250c 0", "value": 0.15000000000000002, "bloomberg_name": "BLOOM_BUND_OPT_FEB14 14250c 0", "strike": 142.5, "optiondefinition": 8, "last_trade_volume": 75.0}}, {"pk": 195, "model": "marketdata.optioncontract", "fields": {"bid_volume": 1.0, "last_updated": "2013-12-18T19:20:43", "last_trade_value": 0.0, "vol": -99.0, "bid": 0.005, "delta": -99.0, "ask_volume": 1.0, "time_to_expiry": -99.0, "ask": 0.03, "expiry_date": "2014-01-21T00:00:00", "easy_screen_mnemonic": "EBO:OGBM Jan 14 12400p 0", "value": 0.017499999999999998, "bloomberg_name": "BLOOM_BOBL_OPT_JAN 12400p 0", "strike": 124.0, "optiondefinition": 5, "last_trade_volume": 0.0}}, {"pk": 196, "model": "marketdata.optioncontract", "fields": {"bid_volume": 1.0, "last_updated": "2013-12-18T19:20:43", "last_trade_value": 0.06, "vol": -99.0, "bid": 0.065, "delta": -99.0, "ask_volume": 1.0, "time_to_expiry": -99.0, "ask": 0.105, "expiry_date": "2014-01-21T00:00:00", "easy_screen_mnemonic": "EBO:OGBM Jan 14 12450p 0", "value": 0.08499999999999999, "bloomberg_name": "BLOOM_BOBL_OPT_JAN 12450p 0", "strike": 124.5, "optiondefinition": 5, "last_trade_volume": 68.0}}, {"pk": 197, "model": "marketdata.optioncontract", "fields": {"bid_volume": 1.0, "last_updated": "2013-12-18T19:20:43", "last_trade_value": 0.15, "vol": -99.0, "bid": 0.265, "delta": -99.0, "ask_volume": 1.0, "time_to_expiry": -99.0, "ask": 0.325, "expiry_date": "2014-01-21T00:00:00", "easy_screen_mnemonic": "EBO:OGBM Jan 14 12500p 0", "value": 0.29500000000000004, "bloomberg_name": "BLOOM_BOBL_OPT_JAN 12500p 0", "strike": 125.0, "optiondefinition": 5, "last_trade_volume": 150.0}}, {"pk": 198, "model": "marketdata.optioncontract", "fields": {"bid_volume": -99.0, "last_updated": "1900-01-01T00:00:00", "last_trade_value": -99.0, "vol": -99.0, "bid": -99.0, "delta": -99.0, "ask_volume": -99.0, "time_to_expiry": -99.0, "ask": -99.0, "expiry_date": "2014-01-21T00:00:00", "easy_screen_mnemonic": "EBO:OGBM Jan 14 12750c 0", "value": -99.0, "bloomberg_name": "BLOOM_BOBL_OPT_JAN 12750c 0", "strike": 127.5, "optiondefinition": 5, "last_trade_volume": -99.0}}, {"pk": 201, "model": "marketdata.optioncontract", "fields": {"bid_volume": 726.0, "last_updated": "2013-12-18T11:19:56", "last_trade_value": 0.0, "vol": -99.0, "bid": 0.085, "delta": -99.0, "ask_volume": 789.0, "time_to_expiry": -99.0, "ask": 0.105, "expiry_date": "2014-02-21T00:00:00", "easy_screen_mnemonic": "EBO:OGBM Feb 14 12400p 0", "value": 0.095, "bloomberg_name": "BLOOM_BOBL_OPT_FEB 12400p 0", "strike": 124.0, "optiondefinition": 6, "last_trade_volume": 0.0}}, {"pk": 202, "model": "marketdata.optioncontract", "fields": {"bid_volume": 451.0, "last_updated": "2013-12-18T11:19:56", "last_trade_value": 0.0, "vol": -99.0, "bid": 0.18, "delta": -99.0, "ask_volume": 737.0, "time_to_expiry": -99.0, "ask": 0.205, "expiry_date": "2014-02-21T00:00:00", "easy_screen_mnemonic": "EBO:OGBM Feb 14 12450p 0", "value": 0.1925, "bloomberg_name": "BLOOM_BOBL_OPT_FEB 12450p 0", "strike": 124.5, "optiondefinition": 6, "last_trade_volume": 0.0}}, {"pk": 203, "model": "marketdata.optioncontract", "fields": {"bid_volume": 601.0, "last_updated": "2013-12-18T11:19:58", "last_trade_value": 0.0, "vol": -99.0, "bid": 0.34, "delta": -99.0, "ask_volume": 402.0, "time_to_expiry": -99.0, "ask": 0.37, "expiry_date": "2014-02-21T00:00:00", "easy_screen_mnemonic": "EBO:OGBM Feb 14 12500p 0", "value": 0.355, "bloomberg_name": "BLOOM_BOBL_OPT_FEB 12500p 0", "strike": 125.0, "optiondefinition": 6, "last_trade_volume": 0.0}}, {"pk": 204, "model": "marketdata.optioncontract", "fields": {"bid_volume": -99.0, "last_updated": "1900-01-01T00:00:00", "last_trade_value": -99.0, "vol": -99.0, "bid": -99.0, "delta": -99.0, "ask_volume": -99.0, "time_to_expiry": -99.0, "ask": -99.0, "expiry_date": "2014-02-21T00:00:00", "easy_screen_mnemonic": "EBO:OGBM Feb 14 12750c 0", "value": -99.0, "bloomberg_name": "BLOOM_BOBL_OPT_FEB 12750c 0", "strike": 127.5, "optiondefinition": 6, "last_trade_volume": -99.0}}, {"pk": 207, "model": "marketdata.optioncontract", "fields": {"bid_volume": 1.0, "last_updated": "2013-12-18T19:20:43", "last_trade_value": 0.0, "vol": -99.0, "bid": 0.25, "delta": -99.0, "ask_volume": 1.0, "time_to_expiry": -99.0, "ask": 0.345, "expiry_date": "2014-03-21T00:00:00", "easy_screen_mnemonic": "EBO:OGBM Mar 14 12400p 0", "value": 0.2975, "bloomberg_name": "BLOOM_BOBL_OPT_MAR 12400p 0", "strike": 124.0, "optiondefinition": 7, "last_trade_volume": 0.0}}, {"pk": 208, "model": "marketdata.optioncontract", "fields": {"bid_volume": 1.0, "last_updated": "2013-12-18T19:20:43", "last_trade_value": 0.0, "vol": -99.0, "bid": 0.4, "delta": -99.0, "ask_volume": 1.0, "time_to_expiry": -99.0, "ask": 0.505, "expiry_date": "2014-03-21T00:00:00", "easy_screen_mnemonic": "EBO:OGBM Mar 14 12450p 0", "value": 0.4525, "bloomberg_name": "BLOOM_BOBL_OPT_MAR 12450p 0", "strike": 124.5, "optiondefinition": 7, "last_trade_volume": 0.0}}, {"pk": 209, "model": "marketdata.optioncontract", "fields": {"bid_volume": 1.0, "last_updated": "2013-12-18T19:20:43", "last_trade_value": 0.0, "vol": -99.0, "bid": 0.61, "delta": -99.0, "ask_volume": 1.0, "time_to_expiry": -99.0, "ask": 0.725, "expiry_date": "2014-03-21T00:00:00", "easy_screen_mnemonic": "EBO:OGBM Mar 14 12500p 0", "value": 0.6675, "bloomberg_name": "BLOOM_BOBL_OPT_MAR 12500p 0", "strike": 125.0, "optiondefinition": 7, "last_trade_volume": 0.0}}, {"pk": 210, "model": "marketdata.optioncontract", "fields": {"bid_volume": -99.0, "last_updated": "1900-01-01T00:00:00", "last_trade_value": -99.0, "vol": -99.0, "bid": -99.0, "delta": -99.0, "ask_volume": -99.0, "time_to_expiry": -99.0, "ask": -99.0, "expiry_date": "2014-03-21T00:00:00", "easy_screen_mnemonic": "EBO:OGBM Mar 14 12750c 0", "value": -99.0, "bloomberg_name": "BLOOM_BOBL_OPT_MAR 12750c 0", "strike": 127.5, "optiondefinition": 7, "last_trade_volume": -99.0}}, {"pk": 217, "model": "marketdata.optioncontract", "fields": {"bid_volume": -99.0, "last_updated": "1900-01-01T00:00:00", "last_trade_value": -99.0, "vol": -99.0, "bid": -99.0, "delta": -99.0, "ask_volume": -99.0, "time_to_expiry": -99.0, "ask": -99.0, "expiry_date": "2014-01-21T00:00:00", "easy_screen_mnemonic": "EBO:OGBL Jan 14 14050p 0", "value": -99.0, "bloomberg_name": "BLOOM_BUND_OPT_JAN 14050p 0", "strike": 140.5, "optiondefinition": 1, "last_trade_volume": -99.0}}, {"pk": 218, "model": "marketdata.optioncontract", "fields": {"bid_volume": -99.0, "last_updated": "1900-01-01T00:00:00", "last_trade_value": -99.0, "vol": -99.0, "bid": -99.0, "delta": -99.0, "ask_volume": -99.0, "time_to_expiry": -99.0, "ask": -99.0, "expiry_date": "2014-01-21T00:00:00", "easy_screen_mnemonic": "EBO:OGBL Jan 14 14300c 0", "value": -99.0, "bloomberg_name": "BLOOM_BUND_OPT_JAN 14300c 0", "strike": 143.0, "optiondefinition": 1, "last_trade_volume": -99.0}}, {"pk": 219, "model": "marketdata.optioncontract", "fields": {"bid_volume": -99.0, "last_updated": "1900-01-01T00:00:00", "last_trade_value": -99.0, "vol": -99.0, "bid": -99.0, "delta": -99.0, "ask_volume": -99.0, "time_to_expiry": -99.0, "ask": -99.0, "expiry_date": "2014-03-21T00:00:00", "easy_screen_mnemonic": "EBO:OGBL Mar 14 14050p 0", "value": -99.0, "bloomberg_name": "BLOOM_BUND_OPT_MAR 14050p 0", "strike": 140.5, "optiondefinition": 3, "last_trade_volume": -99.0}}, {"pk": 220, "model": "marketdata.optioncontract", "fields": {"bid_volume": -99.0, "last_updated": "1900-01-01T00:00:00", "last_trade_value": -99.0, "vol": -99.0, "bid": -99.0, "delta": -99.0, "ask_volume": -99.0, "time_to_expiry": -99.0, "ask": -99.0, "expiry_date": "2014-03-21T00:00:00", "easy_screen_mnemonic": "EBO:OGBL Mar 14 14300c 0", "value": -99.0, "bloomberg_name": "BLOOM_BUND_OPT_MAR 14300c 0", "strike": 143.0, "optiondefinition": 3, "last_trade_volume": -99.0}}, {"pk": 221, "model": "marketdata.optioncontract", "fields": {"bid_volume": -99.0, "last_updated": "1900-01-01T00:00:00", "last_trade_value": -99.0, "vol": -99.0, "bid": -99.0, "delta": -99.0, "ask_volume": -99.0, "time_to_expiry": -99.0, "ask": -99.0, "expiry_date": "2014-01-31T00:00:00", "easy_screen_mnemonic": "EBO:OGBL Feb 14 14050p 0", "value": -99.0, "bloomberg_name": "BLOOM_BUND_OPT_FEB14 14050p 0", "strike": 140.5, "optiondefinition": 8, "last_trade_volume": -99.0}}, {"pk": 222, "model": "marketdata.optioncontract", "fields": {"bid_volume": -99.0, "last_updated": "1900-01-01T00:00:00", "last_trade_value": -99.0, "vol": -99.0, "bid": -99.0, "delta": -99.0, "ask_volume": -99.0, "time_to_expiry": -99.0, "ask": -99.0, "expiry_date": "2014-01-31T00:00:00", "easy_screen_mnemonic": "EBO:OGBL Feb 14 14300c 0", "value": -99.0, "bloomberg_name": "BLOOM_BUND_OPT_FEB14 14300c 0", "strike": 143.0, "optiondefinition": 8, "last_trade_volume": -99.0}}, {"pk": 12, "model": "marketdata.publishoptioncontract", "fields": {"publish_time": "2013-12-16T10:56:44.452", "future_value": 124.91, "put_value": -3.484356819805157, "call_value": -0.0743568198051534, "vol": -0.04417007178591116, "future": 3, "optiondefinition": 6, "previous_vol": -0.04417007178591116, "delta": 0.07049789924474316, "strike": 121.5, "change": 0.0}}, {"pk": 13, "model": "marketdata.publishoptioncontract", "fields": {"publish_time": "2013-12-16T10:56:44.452", "future_value": 124.91, "put_value": 2.855706632412323e-10, "call_value": 2.910000000285578, "vol": 0.009498863889459058, "future": 3, "optiondefinition": 6, "previous_vol": 0.009498863889459058, "delta": 0.9999999965678497, "strike": 122.0, "change": 0.0}}, {"pk": 14, "model": "marketdata.publishoptioncontract", "fields": {"publish_time": "2013-12-16T10:56:44.452", "future_value": 124.91, "put_value": 0.022488445035377502, "call_value": 2.432488445035375, "vol": 0.026031494140624136, "future": 3, "optiondefinition": 6, "previous_vol": 0.026031494140624136, "delta": 0.960149004853571, "strike": 122.5, "change": 0.0}}, {"pk": 15, "model": "marketdata.publishoptioncontract", "fields": {"publish_time": "2013-12-16T10:56:44.452", "future_value": 124.91, "put_value": 0.03750998645869963, "call_value": 1.947509986458698, "vol": 0.024005126953124137, "future": 3, "optiondefinition": 6, "previous_vol": 0.024005126953124137, "delta": 0.9336304550632364, "strike": 123.0, "change": 0.0}}, {"pk": 16, "model": "marketdata.publishoptioncontract", "fields": {"publish_time": "2013-12-16T10:56:44.452", "future_value": 124.91, "put_value": 0.06505791022481588, "call_value": 1.4750579102248054, "vol": 0.02199707031249913, "future": 3, "optiondefinition": 6, "previous_vol": 0.02199707031249913, "delta": 0.8867210992765711, "strike": 123.5, "change": 0.0}}, {"pk": 17, "model": "marketdata.publishoptioncontract", "fields": {"publish_time": "2013-12-16T10:56:44.452", "future_value": 124.91, "put_value": 0.3228948602971258, "call_value": 1.2328948602971224, "vol": 0.032141551636812135, "future": 3, "optiondefinition": 6, "previous_vol": 0.032141551636812135, "delta": 0.7046628967278356, "strike": 124.0, "change": 0.0}}, {"pk": 18, "model": "marketdata.publishoptioncontract", "fields": {"publish_time": "2013-12-16T10:56:44.452", "future_value": 124.91, "put_value": 0.6799862639692407, "call_value": 1.0899862639692373, "vol": 0.04080047607421792, "future": 3, "optiondefinition": 6, "previous_vol": 0.04080047607421792, "delta": 0.5780161818280923, "strike": 124.5, "change": 0.0}}, {"pk": 19, "model": "marketdata.publishoptioncontract", "fields": {"publish_time": "2013-12-16T10:56:44.452", "future_value": 124.91, "put_value": 0.8149372486595183, "call_value": 0.7249372486595149, "vol": 0.03601074218749915, "future": 3, "optiondefinition": 6, "previous_vol": 0.03601074218749915, "delta": 0.4844573432547794, "strike": 125.0, "change": 0.0}}, {"pk": 20, "model": "marketdata.publishoptioncontract", "fields": {"publish_time": "2013-12-16T10:56:44.452", "future_value": 124.91, "put_value": 1.0225271117060117, "call_value": 0.4325271117060083, "vol": 0.03213195800781164, "future": 3, "optiondefinition": 6, "previous_vol": 0.03213195800781164, "delta": 0.36865655886349447, "strike": 125.5, "change": 0.0}}, {"pk": 21, "model": "marketdata.publishoptioncontract", "fields": {"publish_time": "2013-12-16T10:56:44.452", "future_value": 124.91, "put_value": 1.3099754261184415, "call_value": 0.21997542611842746, "vol": 0.028820800781249135, "future": 3, "optiondefinition": 6, "previous_vol": 0.028820800781249135, "delta": 0.242758788139727, "strike": 126.0, "change": 0.0}}, {"pk": 22, "model": "marketdata.publishoptioncontract", "fields": {"publish_time": "2013-12-16T10:56:44.452", "future_value": 124.91, "put_value": 1.687485547113809, "call_value": 0.0974855471138163, "vol": 0.026693725585936634, "future": 3, "optiondefinition": 6, "previous_vol": 0.026693725585936634, "delta": 0.13560744252005674, "strike": 126.5, "change": 0.0}}, {"pk": 67, "model": "marketdata.publishoptioncontract", "fields": {"publish_time": "2013-12-17T09:07:17.894", "future_value": 124.91, "put_value": 0.030006519175056034, "call_value": 3.440006519175057, "vol": 0.03088378906249914, "future": 3, "optiondefinition": 7, "previous_vol": -99.0, "delta": 0.9619599407530062, "strike": 121.5, "change": 0.0}}, {"pk": 68, "model": "marketdata.publishoptioncontract", "fields": {"publish_time": "2013-12-17T09:07:17.894", "future_value": 124.91, "put_value": 0.0450088224792049, "call_value": 2.9550088224792006, "vol": 0.02941894531249914, "future": 3, "optiondefinition": 7, "previous_vol": -99.0, "delta": 0.9436738442028161, "strike": 122.0, "change": 0.0}}, {"pk": 69, "model": "marketdata.publishoptioncontract", "fields": {"publish_time": "2013-12-17T09:07:17.894", "future_value": 124.91, "put_value": 0.07751179262431762, "call_value": 2.4875117926243178, "vol": 0.028878784179686635, "future": 3, "optiondefinition": 7, "previous_vol": -99.0, "delta": 0.9093399557589916, "strike": 122.5, "change": 0.0}}, {"pk": 70, "model": "marketdata.publishoptioncontract", "fields": {"publish_time": "2013-12-17T09:07:17.894", "future_value": 124.91, "put_value": 0.12245836328651549, "call_value": 2.0324583632865085, "vol": 0.027844238281249146, "future": 3, "optiondefinition": 7, "previous_vol": -99.0, "delta": 0.8638024698171258, "strike": 123.0, "change": 0.0}}, {"pk": 71, "model": "marketdata.publishoptioncontract", "fields": {"publish_time": "2013-12-17T09:07:17.894", "future_value": 124.91, "put_value": 0.18998779582600633, "call_value": 1.5999877958259958, "vol": 0.026747131347655387, "future": 3, "optiondefinition": 7, "previous_vol": -99.0, "delta": 0.800425068704613, "strike": 123.5, "change": 0.0}}, {"pk": 72, "model": "marketdata.publishoptioncontract", "fields": {"publish_time": "2013-12-17T09:07:17.894", "future_value": 124.91, "put_value": 0.285058917578624, "call_value": 1.1950589175786064, "vol": 0.025389830798447272, "future": 3, "optiondefinition": 7, "previous_vol": -99.0, "delta": 0.7169912189925834, "strike": 124.0, "change": 0.0}}, {"pk": 73, "model": "marketdata.publishoptioncontract", "fields": {"publish_time": "2013-12-17T09:07:17.894", "future_value": 124.91, "put_value": 0.42108175903473466, "call_value": 0.8310817590347312, "vol": 0.02392653975117737, "future": 3, "optiondefinition": 7, "previous_vol": -99.0, "delta": 0.6090495251760557, "strike": 124.5, "change": 0.0}}, {"pk": 74, "model": "marketdata.publishoptioncontract", "fields": {"publish_time": "2013-12-17T09:07:17.894", "future_value": 124.91, "put_value": 0.6199657559771055, "call_value": 0.5299657559770878, "vol": 0.02268371582031163, "future": 3, "optiondefinition": 7, "previous_vol": -99.0, "delta": 0.47734709405997316, "strike": 125.0, "change": 0.0}}, {"pk": 75, "model": "marketdata.publishoptioncontract", "fields": {"publish_time": "2013-12-17T09:07:17.894", "future_value": 124.91, "put_value": 0.8974920899584902, "call_value": 0.30749208995848676, "vol": 0.021822357177733502, "future": 3, "optiondefinition": 7, "previous_vol": -99.0, "delta": 0.33725186360699605, "strike": 125.5, "change": 0.0}}, {"pk": 76, "model": "marketdata.publishoptioncontract", "fields": {"publish_time": "2013-12-17T09:07:17.894", "future_value": 124.91, "put_value": 1.2475273975456247, "call_value": 0.1575273975456284, "vol": 0.02106018066406163, "future": 3, "optiondefinition": 7, "previous_vol": -99.0, "delta": 0.2096598241407116, "strike": 126.0, "change": 0.0}}, {"pk": 77, "model": "marketdata.publishoptioncontract", "fields": {"publish_time": "2013-12-17T09:07:17.894", "future_value": 124.91, "put_value": 1.6649916120481976, "call_value": 0.07499161204819771, "vol": 0.02082366943359288, "future": 3, "optiondefinition": 7, "previous_vol": -99.0, "delta": 0.1166962917743331, "strike": 126.5, "change": 0.0}}, {"pk": 88, "model": "marketdata.publishoptioncontract", "fields": {"publish_time": "2013-12-17T19:09:06.220", "future_value": 125.02, "put_value": 0.6266830057748791, "call_value": 0.646683005774868, "vol": 0.04122395833333235, "future": 3, "optiondefinition": 5, "previous_vol": 0.19491503738455668, "delta": 0.5075457577453928, "strike": 125.0, "change": -0.1536910790512243}}, {"pk": 89, "model": "marketdata.publishoptioncontract", "fields": {"publish_time": "2013-12-17T19:09:06.220", "future_value": 125.02, "put_value": 0.6421538751009876, "call_value": 0.16215387510097656, "vol": 0.02269612630208244, "future": 3, "optiondefinition": 5, "previous_vol": 0.012030029296874124, "delta": 0.29400265442053686, "strike": 125.5, "change": 0.010666097005208316}}, {"pk": 90, "model": "marketdata.publishoptioncontract", "fields": {"publish_time": "2013-12-18T11:29:13.407", "future_value": 140.4, "put_value": 0.019844429134914243, "call_value": 1.9198444291349404, "vol": 0.02611052942439776, "future": 1, "optiondefinition": 1, "previous_vol": 0.025341796874999135, "delta": 0.9567114304966569, "strike": 138.5, "change": 0.000768732549398625}}, {"pk": 91, "model": "marketdata.publishoptioncontract", "fields": {"publish_time": "2013-12-18T11:29:13.407", "future_value": 140.4, "put_value": 0.03998278687734036, "call_value": 1.4399827868773514, "vol": 0.023962402343749137, "future": 1, "optiondefinition": 1, "previous_vol": 0.024505615234374136, "delta": 0.9152705932737165, "strike": 139.0, "change": -0.0005432128906249986}}, {"pk": 92, "model": "marketdata.publishoptioncontract", "fields": {"publish_time": "2013-12-18T11:29:13.407", "future_value": 140.4, "put_value": 0.09999411509246414, "call_value": 0.9999941150924769, "vol": 0.02337341308593663, "future": 1, "optiondefinition": 1, "previous_vol": 0.023245239257811634, "delta": 0.8172796324020408, "strike": 139.5, "change": 0.00012817382812499445}}, {"pk": 93, "model": "marketdata.publishoptioncontract", "fields": {"publish_time": "2013-12-18T11:29:13.407", "future_value": 140.4, "put_value": 0.2200081197818733, "call_value": 0.6200081197819003, "vol": 0.022706604003905385, "future": 1, "optiondefinition": 1, "previous_vol": 0.02276000976562413, "delta": 0.6609846852036414, "strike": 140.0, "change": -5.340576171874653e-05}}, {"pk": 94, "model": "marketdata.publishoptioncontract", "fields": {"publish_time": "2013-12-18T11:29:13.407", "future_value": 140.4, "put_value": 0.43729849454105363, "call_value": 0.3372984945410451, "vol": 0.022526897417310125, "future": 1, "optiondefinition": 1, "previous_vol": 0.02228451129087381, "delta": 0.4601243782872438, "strike": 140.5, "change": 0.0002423861264363135}}, {"pk": 95, "model": "marketdata.publishoptioncontract", "fields": {"publish_time": "2013-12-18T11:29:13.407", "future_value": 140.4, "put_value": 0.7599941244524757, "call_value": 0.15999412445250982, "vol": 0.022677612304686623, "future": 1, "optiondefinition": 1, "previous_vol": 0.02238922119140538, "delta": 0.2700498007533399, "strike": 141.0, "change": 0.00028839111328124445}}, {"pk": 96, "model": "marketdata.publishoptioncontract", "fields": {"publish_time": "2013-12-18T11:29:13.407", "future_value": 140.4, "put_value": 1.1667900427983824, "call_value": 0.06679004279838807, "vol": 0.023049606900034034, "future": 1, "optiondefinition": 1, "previous_vol": 0.02254638671874913, "delta": 0.1343969161151743, "strike": 141.5, "change": 0.0005032201812849024}}, {"pk": 97, "model": "marketdata.publishoptioncontract", "fields": {"publish_time": "2013-12-18T11:29:13.407", "future_value": 140.4, "put_value": 1.624970900150288, "call_value": 0.024970900150291797, "vol": 0.023559570312499133, "future": 1, "optiondefinition": 1, "previous_vol": 0.023687744140624134, "delta": 0.057939574689065985, "strike": 142.0, "change": -0.0001281738281250014}}, {"pk": 98, "model": "marketdata.publishoptioncontract", "fields": {"publish_time": "2013-12-18T11:29:13.407", "future_value": 140.4, "put_value": 2.1097497755040706, "call_value": 0.009749775504069191, "vol": 0.02467020880315635, "future": 1, "optiondefinition": 1, "previous_vol": 0.026550292968749136, "delta": 0.02453313844560024, "strike": 142.5, "change": -0.0018800841655927866}}, {"pk": 99, "model": "marketdata.publishoptioncontract", "fields": {"publish_time": "2013-12-18T11:29:13.407", "future_value": 140.4, "put_value": 2.603871346053296, "call_value": 0.0038713460533064126, "vol": 0.025915756870947562, "future": 1, "optiondefinition": 1, "previous_vol": 0.025997616442428154, "delta": 0.010282163365934422, "strike": 143.0, "change": -8.185957148059211e-05}}, {"pk": 1, "model": "auth.permission", "fields": {"codename": "add_permission", "name": "Can add permission", "content_type": 1}}, {"pk": 2, "model": "auth.permission", "fields": {"codename": "change_permission", "name": "Can change permission", "content_type": 1}}, {"pk": 3, "model": "auth.permission", "fields": {"codename": "delete_permission", "name": "Can delete permission", "content_type": 1}}, {"pk": 4, "model": "auth.permission", "fields": {"codename": "add_group", "name": "Can add group", "content_type": 2}}, {"pk": 5, "model": "auth.permission", "fields": {"codename": "change_group", "name": "Can change group", "content_type": 2}}, {"pk": 6, "model": "auth.permission", "fields": {"codename": "delete_group", "name": "Can delete group", "content_type": 2}}, {"pk": 7, "model": "auth.permission", "fields": {"codename": "add_user", "name": "Can add user", "content_type": 3}}, {"pk": 8, "model": "auth.permission", "fields": {"codename": "change_user", "name": "Can change user", "content_type": 3}}, {"pk": 9, "model": "auth.permission", "fields": {"codename": "delete_user", "name": "Can delete user", "content_type": 3}}, {"pk": 10, "model": "auth.permission", "fields": {"codename": "add_contenttype", "name": "Can add content type", "content_type": 4}}, {"pk": 11, "model": "auth.permission", "fields": {"codename": "change_contenttype", "name": "Can change content type", "content_type": 4}}, {"pk": 12, "model": "auth.permission", "fields": {"codename": "delete_contenttype", "name": "Can delete content type", "content_type": 4}}, {"pk": 13, "model": "auth.permission", "fields": {"codename": "add_session", "name": "Can add session", "content_type": 5}}, {"pk": 14, "model": "auth.permission", "fields": {"codename": "change_session", "name": "Can change session", "content_type": 5}}, {"pk": 15, "model": "auth.permission", "fields": {"codename": "delete_session", "name": "Can delete session", "content_type": 5}}, {"pk": 16, "model": "auth.permission", "fields": {"codename": "add_site", "name": "Can add site", "content_type": 6}}, {"pk": 17, "model": "auth.permission", "fields": {"codename": "change_site", "name": "Can change site", "content_type": 6}}, {"pk": 18, "model": "auth.permission", "fields": {"codename": "delete_site", "name": "Can delete site", "content_type": 6}}, {"pk": 19, "model": "auth.permission", "fields": {"codename": "add_logentry", "name": "Can add log entry", "content_type": 7}}, {"pk": 20, "model": "auth.permission", "fields": {"codename": "change_logentry", "name": "Can change log entry", "content_type": 7}}, {"pk": 21, "model": "auth.permission", "fields": {"codename": "delete_logentry", "name": "Can delete log entry", "content_type": 7}}, {"pk": 22, "model": "auth.permission", "fields": {"codename": "add_future", "name": "Can add future", "content_type": 8}}, {"pk": 23, "model": "auth.permission", "fields": {"codename": "change_future", "name": "Can change future", "content_type": 8}}, {"pk": 24, "model": "auth.permission", "fields": {"codename": "delete_future", "name": "Can delete future", "content_type": 8}}, {"pk": 25, "model": "auth.permission", "fields": {"codename": "add_optiondefinition", "name": "Can add option definition", "content_type": 9}}, {"pk": 26, "model": "auth.permission", "fields": {"codename": "change_optiondefinition", "name": "Can change option definition", "content_type": 9}}, {"pk": 27, "model": "auth.permission", "fields": {"codename": "delete_optiondefinition", "name": "Can delete option definition", "content_type": 9}}, {"pk": 28, "model": "auth.permission", "fields": {"codename": "add_optioncontract", "name": "Can add option contract", "content_type": 10}}, {"pk": 29, "model": "auth.permission", "fields": {"codename": "change_optioncontract", "name": "Can change option contract", "content_type": 10}}, {"pk": 30, "model": "auth.permission", "fields": {"codename": "delete_optioncontract", "name": "Can delete option contract", "content_type": 10}}, {"pk": 31, "model": "auth.permission", "fields": {"codename": "add_publishoptioncontract", "name": "Can add publish option contract", "content_type": 11}}, {"pk": 32, "model": "auth.permission", "fields": {"codename": "change_publishoptioncontract", "name": "Can change publish option contract", "content_type": 11}}, {"pk": 33, "model": "auth.permission", "fields": {"codename": "delete_publishoptioncontract", "name": "Can delete publish option contract", "content_type": 11}}, {"pk": 1, "model": "auth.user", "fields": {"username": "amorriso", "first_name": "", "last_name": "", "is_active": true, "is_superuser": true, "is_staff": true, "last_login": "2013-12-05T09:27:26.337", "groups": [], "user_permissions": [], "password": "pbkdf2_sha256$12000$eBQg5aZJou0z$/kA0Edl2ZOcgtBOgNXrZZS5TuXPgO9c032linNKOikg=", "email": "anthony.e.morrison@gmail.com", "date_joined": "2013-11-25T05:57:49.346"}}, {"pk": 1, "model": "admin.logentry", "fields": {"action_flag": 1, "action_time": "2013-12-16T20:32:45.757", "object_repr": "BUNDMAR14", "object_id": "4", "change_message": "", "user": 1, "content_type": 8}}, {"pk": 2, "model": "admin.logentry", "fields": {"action_flag": 1, "action_time": "2013-12-16T20:35:54.633", "object_repr": "BUND_OPT_MAR14, based on: BUNDMAR14", "object_id": "8", "change_message": "", "user": 1, "content_type": 9}}, {"pk": 3, "model": "admin.logentry", "fields": {"action_flag": 2, "action_time": "2013-12-16T20:37:03.466", "object_repr": "BUND_OPT_FEB14, based on: BUNDMAR14", "object_id": "8", "change_message": "Changed name, bloomberg_prefix and easyscreen_prefix.", "user": 1, "content_type": 9}}, {"pk": 4, "model": "admin.logentry", "fields": {"action_flag": 3, "action_time": "2013-12-17T08:05:22.478", "object_repr": "BUNDMAR14", "object_id": "4", "change_message": "", "user": 1, "content_type": 8}}, {"pk": 5, "model": "admin.logentry", "fields": {"action_flag": 3, "action_time": "2013-12-17T08:28:49.778", "object_repr": "BUND_OPT_FEB, based on: BUNDMAR14", "object_id": "2", "change_message": "", "user": 1, "content_type": 9}}, {"pk": 6, "model": "admin.logentry", "fields": {"action_flag": 3, "action_time": "2013-12-17T08:30:50.054", "object_repr": "BUNDDEC13", "object_id": "2", "change_message": "", "user": 1, "content_type": 8}}, {"pk": 7, "model": "admin.logentry", "fields": {"action_flag": 2, "action_time": "2013-12-17T12:01:11.894", "object_repr": "BUND_OPT_FEB14, based on: BUNDMAR14", "object_id": "8", "change_message": "Changed month_tag.", "user": 1, "content_type": 9}}, {"pk": 8, "model": "admin.logentry", "fields": {"action_flag": 2, "action_time": "2013-12-17T12:41:00.017", "object_repr": "BUND_OPT_JAN, based on: BUNDMAR14", "object_id": "1", "change_message": "Changed number_of_OTM_options.", "user": 1, "content_type": 9}}, {"pk": 9, "model": "admin.logentry", "fields": {"action_flag": 2, "action_time": "2013-12-17T12:52:38.961", "object_repr": "BUND_OPT_JAN, based on: BUNDMAR14", "object_id": "1", "change_message": "Changed number_of_OTM_options.", "user": 1, "content_type": 9}}, {"pk": 10, "model": "admin.logentry", "fields": {"action_flag": 2, "action_time": "2013-12-17T15:01:29.355", "object_repr": "BOBL_OPT_JAN, based on: BOBLMAR14", "object_id": "5", "change_message": "Changed number_of_OTM_options.", "user": 1, "content_type": 9}}, {"pk": 11, "model": "admin.logentry", "fields": {"action_flag": 2, "action_time": "2013-12-17T15:34:49.134", "object_repr": "BOBL_OPT_JAN, based on: BOBLMAR14", "object_id": "5", "change_message": "Changed number_of_OTM_options.", "user": 1, "content_type": 9}}, {"pk": 12, "model": "admin.logentry", "fields": {"action_flag": 2, "action_time": "2013-12-17T15:38:05.486", "object_repr": "BUND_OPT_JAN, based on: BUNDMAR14", "object_id": "1", "change_message": "Changed number_of_OTM_options.", "user": 1, "content_type": 9}}, {"pk": 13, "model": "admin.logentry", "fields": {"action_flag": 2, "action_time": "2013-12-17T15:38:40.964", "object_repr": "BUND_OPT_MAR, based on: BUNDMAR14", "object_id": "3", "change_message": "Changed number_of_OTM_options.", "user": 1, "content_type": 9}}, {"pk": 14, "model": "admin.logentry", "fields": {"action_flag": 2, "action_time": "2013-12-17T15:39:14.314", "object_repr": "BUND_OPT_FEB14, based on: BUNDMAR14", "object_id": "8", "change_message": "Changed number_of_OTM_options.", "user": 1, "content_type": 9}}, {"pk": 15, "model": "admin.logentry", "fields": {"action_flag": 2, "action_time": "2013-12-17T15:39:46.590", "object_repr": "BOBL_OPT_JAN, based on: BOBLMAR14", "object_id": "5", "change_message": "Changed number_of_OTM_options.", "user": 1, "content_type": 9}}, {"pk": 16, "model": "admin.logentry", "fields": {"action_flag": 2, "action_time": "2013-12-17T15:40:32.282", "object_repr": "BOBL_OPT_FEB, based on: BOBLMAR14", "object_id": "6", "change_message": "Changed number_of_OTM_options.", "user": 1, "content_type": 9}}, {"pk": 17, "model": "admin.logentry", "fields": {"action_flag": 2, "action_time": "2013-12-17T15:41:02.275", "object_repr": "BOBL_OPT_MAR, based on: BOBLMAR14", "object_id": "7", "change_message": "Changed number_of_OTM_options.", "user": 1, "content_type": 9}}, {"pk": 18, "model": "admin.logentry", "fields": {"action_flag": 2, "action_time": "2013-12-17T16:00:38.853", "object_repr": "BUND_OPT_JAN, based on: BUNDMAR14", "object_id": "1", "change_message": "Changed number_of_OTM_options.", "user": 1, "content_type": 9}}, {"pk": 19, "model": "admin.logentry", "fields": {"action_flag": 2, "action_time": "2013-12-17T16:01:16.729", "object_repr": "BUND_OPT_MAR, based on: BUNDMAR14", "object_id": "3", "change_message": "Changed number_of_OTM_options.", "user": 1, "content_type": 9}}, {"pk": 20, "model": "admin.logentry", "fields": {"action_flag": 2, "action_time": "2013-12-17T16:01:26.385", "object_repr": "BUND_OPT_FEB14, based on: BUNDMAR14", "object_id": "8", "change_message": "Changed number_of_OTM_options.", "user": 1, "content_type": 9}}, {"pk": 21, "model": "admin.logentry", "fields": {"action_flag": 2, "action_time": "2013-12-17T16:01:33.690", "object_repr": "BOBL_OPT_MAR, based on: BOBLMAR14", "object_id": "7", "change_message": "Changed number_of_OTM_options.", "user": 1, "content_type": 9}}, {"pk": 22, "model": "admin.logentry", "fields": {"action_flag": 2, "action_time": "2013-12-17T16:01:41.223", "object_repr": "BOBL_OPT_FEB, based on: BOBLMAR14", "object_id": "6", "change_message": "Changed number_of_OTM_options.", "user": 1, "content_type": 9}}, {"pk": 23, "model": "admin.logentry", "fields": {"action_flag": 2, "action_time": "2013-12-17T16:01:53.913", "object_repr": "BOBL_OPT_JAN, based on: BOBLMAR14", "object_id": "5", "change_message": "Changed number_of_OTM_options.", "user": 1, "content_type": 9}}, {"pk": 24, "model": "admin.logentry", "fields": {"action_flag": 2, "action_time": "2013-12-17T16:10:05.108", "object_repr": "BUND_OPT_JAN, based on: BUNDMAR14", "object_id": "1", "change_message": "Changed number_of_OTM_options.", "user": 1, "content_type": 9}}, {"pk": 25, "model": "admin.logentry", "fields": {"action_flag": 2, "action_time": "2013-12-17T16:24:07.768", "object_repr": "BUND_OPT_JAN, based on: BUNDMAR14", "object_id": "1", "change_message": "Changed number_of_OTM_options.", "user": 1, "content_type": 9}}]